{"mean":{"confidence_interval":{"confidence_level":0.95,"lower_bound":-0.2949431277715091,"upper_bound":-0.2191602520565632},"point_estimate":-0.25536181771195077,"standard_error":0.019335167187029545},"median":{"confidence_interval":{"confidence_level":0.95,"lower_bound":-0.26462486305410426,"upper_bound":-0.23022718871640058},"point_estimate":-0.24978606339009068,"standard_error":0.008950088299906407}}