{"mean":{"confidence_interval":{"confidence_level":0.95,"lower_bound":-0.29435034924275344,"upper_bound":-0.18526075308164253},"point_estimate":-0.23521381446991574,"standard_error":0.02830484259346956},"median":{"confidence_interval":{"confidence_level":0.95,"lower_bound":-0.1810562604100685,"upper_bound":-0.15953249018214466},"point_estimate":-0.17003254706874538,"standard_error":0.0055979234317330845}}