{"mean":{"confidence_interval":{"confidence_level":0.95,"lower_bound":-0.03469041510879356,"upper_bound":0.02216527234791492},"point_estimate":-0.006921340804251219,"standard_error":0.014570029230088702},"median":{"confidence_interval":{"confidence_level":0.95,"lower_bound":-0.027350417397408067,"upper_bound":0.02997974870210838},"point_estimate":-0.00030674273891906356,"standard_error":0.014499466091696575}}