{"mean":{"confidence_interval":{"confidence_level":0.95,"lower_bound":-0.10679231240327733,"upper_bound":-0.05295674898894385},"point_estimate":-0.08088752389477027,"standard_error":0.01359041518915409},"median":{"confidence_interval":{"confidence_level":0.95,"lower_bound":-0.0962321363899425,"upper_bound":-0.0783714189244511},"point_estimate":-0.08767906233065614,"standard_error":0.00446553768419246}}