{"mean":{"confidence_interval":{"confidence_level":0.95,"lower_bound":-0.10667249373932873,"upper_bound":0.005567188972497385},"point_estimate":-0.054066102345816214,"standard_error":0.028072709508037832},"median":{"confidence_interval":{"confidence_level":0.95,"lower_bound":-0.12966919251186182,"upper_bound":-0.08761418404761423},"point_estimate":-0.10399727747488108,"standard_error":0.010442073979683147}}