{"mean":{"confidence_interval":{"confidence_level":0.95,"lower_bound":1193.176144616554,"upper_bound":1325.6026004182977},"point_estimate":1253.0521462822817,"standard_error":33.93857859648929},"median":{"confidence_interval":{"confidence_level":0.95,"lower_bound":1143.059919817965,"upper_bound":1160.896585571058},"point_estimate":1151.353143452112,"standard_error":5.073677910061338},"median_abs_dev":{"confidence_interval":{"confidence_level":0.95,"lower_bound":30.338115199267207,"upper_bound":63.88052557351295},"point_estimate":41.556282635291694,"standard_error":8.308591962006288},"slope":{"confidence_interval":{"confidence_level":0.95,"lower_bound":1177.7474162379076,"upper_bound":1250.3085454473255},"point_estimate":1209.2812046401302,"standard_error":18.530377931083393},"std_dev":{"confidence_interval":{"confidence_level":0.95,"lower_bound":181.84079439940606,"upper_bound":462.95611976028584},"point_estimate":340.8713663642877,"standard_error":71.42966457780308}}