{"mean":{"confidence_interval":{"confidence_level":0.95,"lower_bound":-0.4684243829825841,"upper_bound":-0.08349143773724003},"point_estimate":-0.33605318714096544,"standard_error":0.10364517921120507},"median":{"confidence_interval":{"confidence_level":0.95,"lower_bound":-0.43330667792152416,"upper_bound":-0.3922344806747359},"point_estimate":-0.41028448786993,"standard_error":0.010623646913911424}}