{"mean":{"confidence_interval":{"confidence_level":0.95,"lower_bound":-0.11458387435331517,"upper_bound":-0.07916244910335848},"point_estimate":-0.09714449116309043,"standard_error":0.009018193172716644},"median":{"confidence_interval":{"confidence_level":0.95,"lower_bound":-0.09937035206850517,"upper_bound":-0.07653255712656501},"point_estimate":-0.09123570737108688,"standard_error":0.005913338593667988}}