{"mean":{"confidence_interval":{"confidence_level":0.95,"lower_bound":-0.15690901650446942,"upper_bound":-0.11729822130387714},"point_estimate":-0.13700017651414997,"standard_error":0.010089025933461228},"median":{"confidence_interval":{"confidence_level":0.95,"lower_bound":-0.13927363528329517,"upper_bound":-0.11753317237459737},"point_estimate":-0.126237987940245,"standard_error":0.005386743534132918}}