{"mean":{"confidence_interval":{"confidence_level":0.95,"lower_bound":-0.2024756726864207,"upper_bound":-0.15350162626475186},"point_estimate":-0.17764916799514285,"standard_error":0.012557828170324145},"median":{"confidence_interval":{"confidence_level":0.95,"lower_bound":-0.19266626236975448,"upper_bound":-0.1675309742259128},"point_estimate":-0.1808947745110956,"standard_error":0.0064139114542223815}}