{"mean":{"confidence_interval":{"confidence_level":0.95,"lower_bound":5744.767958022375,"upper_bound":5876.469511156878},"point_estimate":5807.721781303664,"standard_error":33.59549218366953},"median":{"confidence_interval":{"confidence_level":0.95,"lower_bound":5692.036852036852,"upper_bound":5788.179047445754},"point_estimate":5722.599880739415,"standard_error":21.548330323005178},"median_abs_dev":{"confidence_interval":{"confidence_level":0.95,"lower_bound":145.59327785154542,"upper_bound":248.20634076111008},"point_estimate":182.48527316252,"standard_error":26.693127998473237},"slope":{"confidence_interval":{"confidence_level":0.95,"lower_bound":5726.885335304123,"upper_bound":5843.263284322697},"point_estimate":5780.186641926579,"standard_error":29.772722547468277},"std_dev":{"confidence_interval":{"confidence_level":0.95,"lower_bound":235.39875862569622,"upper_bound":431.0836336753248},"point_estimate":338.58934412178064,"standard_error":49.946202431041606}}