{"mean":{"confidence_interval":{"confidence_level":0.95,"lower_bound":-0.3710104929290989,"upper_bound":-0.16026178239801},"point_estimate":-0.2694419448543077,"standard_error":0.05387535617594163},"median":{"confidence_interval":{"confidence_level":0.95,"lower_bound":-0.2906842477357118,"upper_bound":-0.22533111638177536},"point_estimate":-0.25702589973998213,"standard_error":0.016356812157836118}}