{"mean":{"confidence_interval":{"confidence_level":0.95,"lower_bound":-0.13233353920772198,"upper_bound":-0.09082780124959353},"point_estimate":-0.11159260068094101,"standard_error":0.01055641882672916},"median":{"confidence_interval":{"confidence_level":0.95,"lower_bound":-0.12139449325817508,"upper_bound":-0.09443955157467343},"point_estimate":-0.108566698442771,"standard_error":0.006802820335675163}}