{"mean":{"confidence_interval":{"confidence_level":0.95,"lower_bound":-0.24779588600549018,"upper_bound":-0.2116216865143376},"point_estimate":-0.23012757331309075,"standard_error":0.009197055060864073},"median":{"confidence_interval":{"confidence_level":0.95,"lower_bound":-0.24269763522846288,"upper_bound":-0.20590126512400675},"point_estimate":-0.22511639016444351,"standard_error":0.009841111440424006}}