{"mean":{"confidence_interval":{"confidence_level":0.95,"lower_bound":142.19321013896516,"upper_bound":154.13198771251436},"point_estimate":148.05385384486164,"standard_error":3.0443231830669473},"median":{"confidence_interval":{"confidence_level":0.95,"lower_bound":128.63340770601866,"upper_bound":154.47615712367946},"point_estimate":138.3090126740639,"standard_error":7.772178559892396},"median_abs_dev":{"confidence_interval":{"confidence_level":0.95,"lower_bound":18.690489266725653,"upper_bound":43.0237047241851},"point_estimate":30.13192180760643,"standard_error":6.189375627467194},"slope":{"confidence_interval":{"confidence_level":0.95,"lower_bound":127.33481997736408,"upper_bound":135.434806739936},"point_estimate":131.0362900370092,"standard_error":2.0677926307183974},"std_dev":{"confidence_interval":{"confidence_level":0.95,"lower_bound":26.279064029735668,"upper_bound":34.288567315146},"point_estimate":30.543155933495758,"standard_error":2.0412182052406433}}