{"mean":{"confidence_interval":{"confidence_level":0.95,"lower_bound":-0.3966245763859502,"upper_bound":-0.3522465912205816},"point_estimate":-0.37480859102353326,"standard_error":0.011312276913601885},"median":{"confidence_interval":{"confidence_level":0.95,"lower_bound":-0.37019906069624475,"upper_bound":-0.3054592583528869},"point_estimate":-0.32598842831952257,"standard_error":0.019160474884515707}}