{"mean":{"confidence_interval":{"confidence_level":0.95,"lower_bound":-0.32338065854779136,"upper_bound":-0.255690219277161},"point_estimate":-0.28455287118552186,"standard_error":0.017619993929786894},"median":{"confidence_interval":{"confidence_level":0.95,"lower_bound":-0.27077830282875326,"upper_bound":-0.2511288628657776},"point_estimate":-0.2595524945207274,"standard_error":0.005183144838811828}}