{"mean":{"confidence_interval":{"confidence_level":0.95,"lower_bound":-0.33246928929356284,"upper_bound":-0.2925106973246907},"point_estimate":-0.3129340790083326,"standard_error":0.010100477733831766},"median":{"confidence_interval":{"confidence_level":0.95,"lower_bound":-0.3245920478830438,"upper_bound":-0.30220269456694},"point_estimate":-0.3125823875025312,"standard_error":0.005898408224525417}}