{"mean":{"confidence_interval":{"confidence_level":0.95,"lower_bound":-0.30369348788763795,"upper_bound":-0.268653738055997},"point_estimate":-0.28669938696521335,"standard_error":0.008952173360736037},"median":{"confidence_interval":{"confidence_level":0.95,"lower_bound":-0.29740615438480367,"upper_bound":-0.2782699944592751},"point_estimate":-0.28823426597698865,"standard_error":0.0051056672873860546}}